{
    "elements": {
        "Themes": {
            "id": "vs-themes-section",
            "type": "themes",
            "data": {
                "vsCurrentTheme": "default"
            }
        },
        "Announcement": {
            "id": "vs-announcement-section-0",
            "type": "announcement",
            "announcement_cls.background-color": "red",
            "data": {
                "vsTitle": "translate:HomePage.ANNOUNCEMENT_TEXT",
                "vsLink": "https://vsecommerce.com/",
                "vsLinkText": "translate:HomePage.ANNOUNCEMENT_LINKTEXT",
                "show": true
            },
            "display_order": [
                "announcement-section-0",
                "announcement-section-1"
            ]
        },
        "Header": {
            "id": "vs-header-section",
            "type": "header",
            "header_cls.background-color": "blue",
            "data": {
                "vsDisplay": true,
                "vsColor": false,
                "vsMenu": false,
                "vsSearchText": "Show Search",
                "vsCartText": "Show Cart",
                "vsLoginText": "Show Login",
                "vsHomeText": "translate:Menu.HOME_TEXT",
                "vsOffersText": "translate:Menu.OFFERS_TEXT",
                "vsStoreName" : "translate:Header.STORENAME_TITLE",
                "vsSearchShow": true,
                "vsCartShow": true,
                "vsLoginShow": true,
                "vsShowHome": true,
                "vsShowOffers": true,
                "vsStoreNameShow": true,
                "vsShowMenu": true
            }
        },
        "Hero": {
            "id": "vs-hero-section",
            "type": "hero",
            "data": {
                "vsHeroTitle": "translate:Hero.HOMEBANNER_TITLE",
                "vsShowHero": true,
                "vsShowHeroTitle": true,
                "vsImagesList": [
                    {
                        "vsImageLabel": "Hero Image 1",
                        "vsImages": "HomeBanner1.jpg"
                    },
                    {
                        "vsImageLabel": "Hero Image 2",
                        "vsImages": "HomeBanner2.jpg"
                    },
                    {
                        "vsImageLabel": "Hero Image 3",
                        "vsImages": "HomeBanner3.jpg"
                    },
                    {
                        "vsImageLabel": "Hero Image 4",
                        "vsImages": "HomeBanner4.jpg"
                    }
                ]
            }
        },
        "HeroCarousel": {
            "id": "vs-content-box-section",
            "type": "heroCarousel",
            "data": [
                {
                    "vsSectionLabel": "Hero Carousel",
                    "vsSectionTitle": "Hero Carousel 1",
                    "vsSectionDescription": "Hero Carousel Description",
                    "vsSectionImage": "HomeBanner1.jpg",
                    "vsShowContentBox": true,
                    "vsShowTitle": true,
                    "vsShowDescription": true
                  },
                  {
                    "vsSectionLabel": "Hero Carousel",
                    "vsSectionTitle": "Hero Carousel 2",
                    "vsSectionDescription": "Hero Carousel Description",
                    "vsSectionImage": "HomeBanner2.jpg",
                    "vsShowContentBox": true,
                    "vsShowTitle": true,
                    "vsShowDescription": true
                  },
                  {
                    "vsSectionLabel": "Hero Carousel",
                    "vsSectionTitle": "Hero Carousel 3",
                    "vsSectionDescription": "Hero Carousel Description",
                    "vsSectionImage": "HomeBanner3.jpg",
                    "vsShowContentBox": true,
                    "vsShowTitle": true,
                    "vsShowDescription": true
                  },
                  {
                    "vsSectionLabel": "Hero Carousel",
                    "vsSectionTitle": "Hero Carousel 3",
                    "vsSectionDescription": "Hero Carousel Description",
                    "vsSectionImage": "HomeBanner4.jpg",
                    "vsShowContentBox": true,
                    "vsShowTitle": true,
                    "vsShowDescription": true
                  }
             
            ]
          },
        "Gallery": {
            "id": "vs-gallary-section",
            "type": "gallery",
            "data": {
                "vsShowGallary": true
            }
        },
        "Login": {
            "id": "vs-login-section",
            "type": "login",
            "data": {
                "vsTitle": "translate:Titles.LOGIN_VIEWEDTITLE",
                "vsTitleShow": true,
                "vsShow": true
            }
        },
        "Register": {
            "id": "vs-register-section",
            "type": "register",
            "data": {
                "vsTitle": "translate:Register.REGISTER_VIEWHEADER",
                "vsTitleShow": true,
                "vsShow": true,
                "vsAgreeTextShow": true,
                "vsAgreeText": "translate:Register.REGISTER_VIEWMESSAGE"
            }
        },
        "General": {
            "id": "vs-general-section",
            "type": "general",
            "data": {
                "vsTitle": "General",
                "vsTitleShow": true,
                "vsShow": true
            }
        },
        "ProductList": {
            "id": "vs-productlist-section",
            "type": "productList",
            "data": {
                "vsTitle": "translate:Titles.FEATURED_PRODUCTSTITLE",
                "vsTitleShow": true,
                "vsShow": true
            }
        },
        "ProductListOffer": {
            "id": "vs-productlist-section",
            "type": "productListOffer",
            "data": {
                "vsTitle": "translate:Titles.OFFERS_TITLE",
                "vsTitleShow": true,
                "vsShow": true
            }
        },
        "Cart": {
            "id": "vs-cart-section",
            "type": "cart",
            "data": {
                "vsTitle": "translate:Cart.YOUR_CARTTITLE",
                "vsTitleShow": true,
                "vsShow": true,
                "vsDiscountContent": "translate:Cart.CARTVIEW_DISCOUNT",
                "vsDiscountTextShow": true,
                "vsNetPayableTitle": "translate:Cart.NETPAYABLE",
                "vsContinueTitle": "translate:Cart.CONTINUE_SHOPPINGCART",
                "vsPlaceOrderTitle": "translate:Cart.PLACE_ORDERCART",
                "vsContinueButtonShow": true,
                "vsPlaceorderButtonShow": true
            }
        },
        "Checkout": {
            "id": "vs-checkout-section",
            "type": "checkout",
            "data": {
                "billingAddress": "translate:Checkout.BILLING_SAMEADDRESS",
                "netPayableTitle": "translate:Checkout.NETPAYABLE"
            }
        },
        "ProductDetail": {
            "id": "vs-product-details-section",
            "type": "product-details",
            "data": {
                "vsBuyProductText": "translate:ProductDetail.PRODUCT_BUYTEXT",
                "vsAvailabilityProductText": "translate:ProductDetail.PRODUCT_AVAILABILITYTEXT"
            }
        },
        "ProductContent": {
            "id": "vs-product-contents-section",
            "type": "product-contents",
            "data": {
                "vsProductDescriptionTitle": "translate:ProductContent.PRODUCT_DESCRIPTION",
                "vsBasicSpecificationTitle": "translate:ProductContent.BASIC_SPECIFICATION",
                "vsDetailedSpecificationTitle": "translate:ProductContent.DETAILED_SPECIFICATION",
                "vsProductDescriptionShow": true,
                "vsBasicSpecificationShow": true
            }
        },
        "CheckAvailability": {
            "id": "vs-check-availability-section",
            "type": "check-availability",
            "data": {
                "vsMessage1": "translate:CheckAvailability.STORES_VIEWEDMESSAGE",
                "vsMessage2": "translate:CheckAvailability.STORES_VIEWEDMESSAGE2",
                "vsMessage3": "translate:CheckAvailability.STORES_VIEWEDMESSAGE3"
            }
        },
        "Footer": {
            "id": "vs-footer-section",
            "type": "footer",
            "footer_cls.background-color": "blue",
            "data": {
                "vsContactTitle": "translate:Footer.FOOTER_CONTACTINFO",
                "vsPolicyTitle": "translate:Footer.FOOTER_QUICKLINKPOLICIES",
                "vsSocialMediaTitle": "translate:Footer.FOOTER_SOCIALMEDIATITLE",
                "vsCopyRightText": "translate:Footer.FOOTER_COPYRIGHT",
                "vsShowCopyRight": true,
                "vsShowSocialMedia": true,
                "vsShowContactInfo": true,
                "vsShowPolicy": true
            }
        }
    },
    "pages": [
        "PolicyPrivacy",
        "OfferPolicy",
        "PolicyTerms",
        "ReturnPolicy"
    ]
}