[
    {
        "header": [
            {
                "name": "Themes",
                "reference-id": "vs-themes-section",
                "type": "themes",
                "label": "Themes"
            },
            {
                "name": "General",
                "reference-id": "vs-General-section",
                "type": "general",
                "label": "General"
            },
            {
                "name": "Announcement",
                "reference-id": "vs-announcement-section-0",
                "type": "announcement",
                "label": "Announcement",
                "Mapping": {
                    "AnnnouncementLink": "vsLink"
                }
            },
            {
                "name": "Header",
                "reference-id": "vs-header-section",
                "type": "header",
                "label": "Header",
                "showOffers": true
            }
        ]
    },
    {
        "home": [
            {
                "name": "HeroCarousel",
                "reference-id": "vs-hero-section",
                "type": "heroCarousel",
                "label": "Hero Carousel"
            },           
            {
                "name": "Gallery",
                "reference-id": "vs-gallery-section",
                "type": "gallery",
                "label": "Gallery"
            },
            {
                "name": "ProductList",
                "reference-id": "vs-productlist-section",
                "type": "productList",
                "label": "Product List"
            }
        ],
        "offers": [
            {
                "name": "ProductListOffer",
                "reference-id": "vs-productlist-section",
                "type": "productListOffer",
                "label": "Product List"
            }
        ],
        "login": [
            {
                "name": "Login",
                "reference-id": "vs-login-section",
                "type": "login",
                "label": "Login Form"
            }
        ],
        "register": [
            {
                "name": "Register",
                "reference-id": "vs-register-section",
                "type": "register",
                "label": "Register Form"
            }
        ],
        "checkout": [
            {
                "name": "Checkout",
                "reference-id": "vs-checkout-section",
                "type": "checkout",
                "label": "Checkout"
            }
        ]
    },
    {
        "footer": [
            {
                "name": "Footer",
                "reference-id": "vs-footer-section",
                "type": "footer",
                "label": "Footer"
            }
        ]
    }
]