{
    "lang": "en-us",
    "storeName": "StoreNameTitle",
    "storeLogo": "logo.png",
    "metaTags": {
        "Home": {
            "title": "Home",
            "ogTitle": "Home",
            "description": "Home Page",
            "keywords": "home",
            "url": "home",
            "image": "logo.png"
        },
        "Offers": {
            "title": "Offers",
            "ogTitle": "Offers",
            "description": "Offers Page",
            "keywords": "offers",
            "url": "offers",
            "image": "logo.png"
        },
        "Register": {
            "title": "Register",
            "ogTitle": "Register",
            "description": "Register Page",
            "keywords": "register",
            "url": "register",
            "image": "logo.png"
        },
        "Login": {
            "title": "Login",
            "ogTitle": "Login",
            "description": "Login Page",
            "keywords": "login",
            "url": "login",
            "image": "logo.png"
        }
    },
    "contactInfo": {
        "vsContactAddress": "Address line",
        "vsContactEmail": "Sample Mail Id",
        "vsContactMobileNo": "MobileNumber"
    },
    "socialMediaLinks": {
        "vsFacebookLink": "https://www.facebook.com/",
        "vsInstagramLink": "https://www.instagram.com/accounts/login/",
        "vsTwitterLink": "https://twitter.com/i/flow/login",
        "vsLinkedInLink": "https://www.linkedin.com/login",
        "vsYoutubeLink": "https://www.youtube.com/"
    }
}